https://unsplash.com/s/photos/economy,500+ Economy Pictures [HQ] | Download Free Images on Unsplash,[]
https://unsplash.com/s/photos/valentine,1000+ Valentine Pictures | Download Free Images on Unsplash,[]
https://unsplash.com/s/photos/heart,500+ Heart Pictures [HD] | Download Free Images & Stock Photos on Unsplash,[]
https://unsplash.com/s/photos/amazon,750+ Amazon Photos | Download Free Images on Unsplash,[]
https://unsplash.com/s/photos/burger-king,Burger King Pictures | Download Free Images on Unsplash,[]
https://unsplash.com/s/photos/celebration,Best 500+ Celebration Images | Download Free Images on Unsplash,[]
https://unsplash.com/photos/a-couple-of-people-that-are-standing-in-the-dirt-efzvMAIpfWY,A couple of people that are standing in the dirt photo – Free Saudi arabia Image on Unsplash,[]
https://unsplash.com/photos/a-man-covering-his-face-with-his-hands-2eSNeefO4S4,A man covering his face with his hands photo – Tattoos Image on Unsplash,"[<Selector query=""//a[@class='IQzj8 eziW_']/text()"" data='Editorial'>]"
https://unsplash.com/photos/a-building-with-a-round-window-in-the-middle-of-it-yh0vs-zs35w,A building with a round window in the middle of it photo – Free Museum Image on Unsplash,"[<Selector query=""//a[@class='IQzj8 eziW_']/text()"" data='Editorial'>]"
https://unsplash.com/photos/three-surfers-walking-into-the-ocean-at-sunset-zm1bVyY_Jjc,Three surfers walking into the ocean at sunset photo – Free Lima Image on Unsplash,"[<Selector query=""//a[@class='IQzj8 eziW_']/text()"" data='Editorial'>]"
https://unsplash.com/photos/a-city-street-with-graffiti-on-the-side-of-buildings-MCRoyvsrtAg,A city street with graffiti on the side of buildings photo – Free San francisco Image on Unsplash,"[<Selector query=""//a[@class='IQzj8 eziW_']/text()"" data='Editorial'>, <Selector query=""//a[@class='IQzj8 eziW_']/text()"" data='Film'>, <Selector query=""//a[@class='IQzj8 eziW_']/text()"" data='Street Photography'>]"
https://unsplash.com/photos/a-couple-of-small-animals-standing-on-top-of-a-dirt-field-2ju6hickHo8,A couple of small animals standing on top of a dirt field photo – Free Bolívia Image on Unsplash,"[<Selector query=""//a[@class='IQzj8 eziW_']/text()"" data='Editorial'>]"
https://unsplash.com/photos/a-table-topped-with-a-white-plate-and-a-cup--KnrEamNsDg,A table topped with a white plate and a cup photo – Still life Image on Unsplash,"[<Selector query=""//a[@class='IQzj8 eziW_']/text()"" data='Editorial'>]"
https://unsplash.com/photos/a-snow-covered-field-with-trees-and-bushes-vFqAGOgUS44,A snow covered field with trees and bushes photo – Free Outdoors Image on Unsplash,"[<Selector query=""//a[@class='IQzj8 eziW_']/text()"" data='Cool Tones'>]"
https://unsplash.com/photos/a-snow-covered-mountain-with-pine-trees-in-the-foreground-AcmazMasjDA,A snow covered mountain with pine trees in the foreground photo – Free Wallpapers Image on Unsplash,"[<Selector query=""//a[@class='IQzj8 eziW_']/text()"" data='Wallpapers'>]"
https://unsplash.com/photos/a-snow-covered-tree-in-the-middle-of-winter-0IfB0AmDVO8,A snow covered tree in the middle of winter photo – Free Nature Image on Unsplash,"[<Selector query=""//a[@class='IQzj8 eziW_']/text()"" data='Nature'>]"
https://unsplash.com/photos/a-heart-shaped-object-with-a-plant-growing-out-of-it-TNNLvwRKKY8,A heart shaped object with a plant growing out of it photo – Free India Image on Unsplash,"[<Selector query=""//a[@class='IQzj8 eziW_']/text()"" data='3D Renders'>]"
https://unsplash.com/photos/a-man-sitting-on-top-of-a-surfboard-in-the-ocean-QvHQjdttBzY,A man sitting on top of a surfboard in the ocean photo – Free United states Image on Unsplash,"[<Selector query=""//a[@class='IQzj8 eziW_']/text()"" data='Editorial'>, <Selector query=""//a[@class='IQzj8 eziW_']/text()"" data='People'>, <Selector query=""//a[@class='IQzj8 eziW_']/text()"" data='Travel'>]"
https://unsplash.com/photos/a-tall-white-building-with-yellow-and-blue-windows-nCiYlF526AA,A tall white building with yellow and blue windows photo – Free Mozambique Image on Unsplash,"[<Selector query=""//a[@class='IQzj8 eziW_']/text()"" data='Architecture & Interiors'>]"
https://unsplash.com/photos/a-wall-that-has-some-dirt-on-it-1CSZLXfI2iw,A wall that has some dirt on it photo – Free Barletta Image on Unsplash,"[<Selector query=""//a[@class='IQzj8 eziW_']/text()"" data='Editorial'>, <Selector query=""//a[@class='IQzj8 eziW_']/text()"" data='Textures & Patterns'>]"
https://unsplash.com/photos/a-man-riding-a-bike-past-a-tall-building-i9htOn3G_M4,A man riding a bike past a tall building photo – Free Urban Image on Unsplash,"[<Selector query=""//a[@class='IQzj8 eziW_']/text()"" data='Editorial'>, <Selector query=""//a[@class='IQzj8 eziW_']/text()"" data='Street Photography'>]"
https://unsplash.com/photos/a-bunch-of-umbrellas-that-are-on-a-beach-ekbXx0sgA8A,A bunch of umbrellas that are on a beach photo – Free Analog photography Image on Unsplash,"[<Selector query=""//a[@class='IQzj8 eziW_']/text()"" data='Film'>]"
https://unsplash.com/photos/a-drawing-of-a-city-with-tall-buildings-MOP25t4MdQI,A drawing of a city with tall buildings photo – Free Archival Image on Unsplash,"[<Selector query=""//a[@class='IQzj8 eziW_']/text()"" data='Archival'>]"
https://unsplash.com/photos/a-field-with-trees-and-a-red-sky-DdqKy57P-SM,A field with trees and a red sky photo – Free Red Image on Unsplash,"[<Selector query=""//a[@class='IQzj8 eziW_']/text()"" data='Experimental'>]"
https://unsplash.com/photos/a-couple-of-elephants-standing-next-to-each-other-er9S7GaO3x4,A couple of elephants standing next to each other photo – Free Nature Image on Unsplash,"[<Selector query=""//a[@class='IQzj8 eziW_']/text()"" data='Nature'>, <Selector query=""//a[@class='IQzj8 eziW_']/text()"" data='Animals'>]"
https://unsplash.com/photos/a-close-up-of-a-persons-eye-with-a-blue-and-purple-eye-shadow-UgykhYsxRB0,A close up of a person's eye with a blue and purple eye shadow photo – Lashes Image on Unsplash,"[<Selector query=""//a[@class='IQzj8 eziW_']/text()"" data='Fashion & Beauty'>]"
https://unsplash.com/photos/girl-drinking-yellow-juice-x2byGrIsQYg,Girl drinking yellow juice photo – Free Kid Image on Unsplash,"[<Selector query=""//a[@class='IQzj8 eziW_']/text()"" data='Editorial'>, <Selector query=""//a[@class='IQzj8 eziW_']/text()"" data='Health & Wellness'>, <Selector query=""//a[@class='IQzj8 eziW_']/text()"" data='People'>]"
https://unsplash.com/photos/a-field-full-of-orange-and-white-flowers-V_lR_xqVeXE,A field full of orange and white flowers photo – Free Texture Image on Unsplash,"[<Selector query=""//a[@class='IQzj8 eziW_']/text()"" data='Editorial'>, <Selector query=""//a[@class='IQzj8 eziW_']/text()"" data='Textures & Patterns'>, <Selector query=""//a[@class='IQzj8 eziW_']/text()"" data='Experimental'>]"
https://unsplash.com/photos/pen-near-black-lined-paper-and-eyeglasses-q10VITrVYUM,Pen near black lined paper and eyeglasses photo – Free Business Image on Unsplash,"[<Selector query=""//a[@class='IQzj8 eziW_']/text()"" data='Editorial'>, <Selector query=""//a[@class='IQzj8 eziW_']/text()"" data='Business & Work'>]"
https://unsplash.com/photos/person-holding-black-smartphone-taking-photo-of-pizza-1uQQrwzjKms,Person holding black smartphone taking photo of pizza photo – Free Pizza Image on Unsplash,"[<Selector query=""//a[@class='IQzj8 eziW_']/text()"" data='Editorial'>, <Selector query=""//a[@class='IQzj8 eziW_']/text()"" data='Food & Drink'>]"
https://unsplash.com/photos/person-holding-mason-jar-with-filled-with-juice-at-daytime-bvhEYmFU7ec,Person holding mason jar with filled with juice at daytime photo – Free Tropical Image on Unsplash,"[<Selector query=""//a[@class='IQzj8 eziW_']/text()"" data='Editorial'>, <Selector query=""//a[@class='IQzj8 eziW_']/text()"" data='Nature'>, <Selector query=""//a[@class='IQzj8 eziW_']/text()"" data='Health & Wellness'>]"
https://unsplash.com/photos/topless-man-skateboarding-outdoors-RAvyExiTJT4,Topless man skateboarding outdoors photo – Free Grey Image on Unsplash,"[<Selector query=""//a[@class='IQzj8 eziW_']/text()"" data='Editorial'>, <Selector query=""//a[@class='IQzj8 eziW_']/text()"" data='Sports'>]"
https://unsplash.com/photos/a-group-of-uniformed-men-standing-in-a-line-LRayYQZ1rLU,A group of uniformed men standing in a line photo – Free Current events Image on Unsplash,"[<Selector query=""//a[@class='IQzj8 eziW_']/text()"" data='Current Events'>]"
https://unsplash.com/photos/a-group-of-people-standing-in-front-of-a-building-TUMGVMETAIU,A group of people standing in front of a building photo – Free Town Image on Unsplash,"[<Selector query=""//a[@class='IQzj8 eziW_']/text()"" data='Current Events'>]"
https://unsplash.com/photos/a-group-of-people-holding-signs-pRfXJGYghnA,A group of people holding signs photo – Free Current events Image on Unsplash,"[<Selector query=""//a[@class='IQzj8 eziW_']/text()"" data='Editorial'>, <Selector query=""//a[@class='IQzj8 eziW_']/text()"" data='Current Events'>]"
https://unsplash.com/photos/a-group-of-people-holding-signs-8yXWZrsomLM,A group of people holding signs photo – Free Current events Image on Unsplash,"[<Selector query=""//a[@class='IQzj8 eziW_']/text()"" data='Current Events'>]"
https://unsplash.com/photos/a-person-in-a-suit-holding-a-flag-PrvrZNHKBwM,A person in a suit holding a flag photo – Free Current events Image on Unsplash,"[<Selector query=""//a[@class='IQzj8 eziW_']/text()"" data='Editorial'>, <Selector query=""//a[@class='IQzj8 eziW_']/text()"" data='People'>, <Selector query=""//a[@class='IQzj8 eziW_']/text()"" data='Current Events'>]"
https://unsplash.com/photos/a-person-holding-a-rainbow-flag-oPz9C4fVXyE,A person holding a rainbow flag photo – Free Current events Image on Unsplash,"[<Selector query=""//a[@class='IQzj8 eziW_']/text()"" data='People'>, <Selector query=""//a[@class='IQzj8 eziW_']/text()"" data='Current Events'>]"
https://unsplash.com/photos/a-group-of-people-holding-flags-02-df_V_dKE,A group of people holding flags photo – Free Current events Image on Unsplash,"[<Selector query=""//a[@class='IQzj8 eziW_']/text()"" data='People'>, <Selector query=""//a[@class='IQzj8 eziW_']/text()"" data='Current Events'>]"
https://unsplash.com/photos/a-couple-of-women-riding-a-motorcycle-with-flags-MfJKzlUGnHo,A couple of women riding a motorcycle with flags photo – Free Current events Image on Unsplash,"[<Selector query=""//a[@class='IQzj8 eziW_']/text()"" data='Current Events'>]"
https://unsplash.com/photos/a-person-in-a-colorful-outfit-ZGVSusMEJ-o,A person in a colorful outfit photo – Free Current events Image on Unsplash,"[<Selector query=""//a[@class='IQzj8 eziW_']/text()"" data='Current Events'>]"
https://unsplash.com/photos/a-formation-of-fighter-jets-flying-through-a-cloudy-sky-LvJCFOW3Ma8,A formation of fighter jets flying through a cloudy sky photo – Free Craig manners Image on Unsplash,"[<Selector query=""//a[@class='IQzj8 eziW_']/text()"" data='Current Events'>]"
https://unsplash.com/photos/a-run-down-building-with-a-bunch-of-debris-on-the-ground-UsA2-DkWAqI,A run down building with a bunch of debris on the ground photo – Free Gaza strip Image on Unsplash,"[<Selector query=""//a[@class='IQzj8 eziW_']/text()"" data='Current Events'>]"
https://unsplash.com/photos/a-person-standing-on-a-sidewalk-holding-a-sign-f2chMrNtUvk,A person standing on a sidewalk holding a sign photo – Free Current events Image on Unsplash,"[<Selector query=""//a[@class='IQzj8 eziW_']/text()"" data='Current Events'>]"
https://unsplash.com/photos/a-group-of-fighter-jets-flying-in-formation-mwCM29bdJFs,A group of fighter jets flying in formation photo – Free Current events Image on Unsplash,"[<Selector query=""//a[@class='IQzj8 eziW_']/text()"" data='Current Events'>]"
https://unsplash.com/photos/a-yellow-car-is-parked-on-the-side-of-the-road-t85SGaOo4Bc,A yellow car is parked on the side of the road photo – Free Current events Image on Unsplash,"[<Selector query=""//a[@class='IQzj8 eziW_']/text()"" data='Current Events'>]"
https://unsplash.com/photos/a-run-down-building-with-broken-windows-and-broken-doors-qr7TT4fi6eI,A run down building with broken windows and broken doors photo – Free Gaza strip Image on Unsplash,"[<Selector query=""//a[@class='IQzj8 eziW_']/text()"" data='Current Events'>]"
https://unsplash.com/photos/a-car-driving-down-a-dirt-road-next-to-tall-buildings-FG_AIoyhwZc,A car driving down a dirt road next to tall buildings photo – Free Gaza strip Image on Unsplash,"[<Selector query=""//a[@class='IQzj8 eziW_']/text()"" data='Current Events'>]"
https://unsplash.com/photos/a-large-group-of-people-walking-down-a-street-SQ3tZ2MOjjY,A large group of people walking down a street photo – Free Traditional Image on Unsplash,"[<Selector query=""//a[@class='IQzj8 eziW_']/text()"" data='Current Events'>]"
https://unsplash.com/photos/building-with-refugees-welcome-signage-uHDbnG-Avpc,Building with refugees welcome signage photo – Free Spain Image on Unsplash,"[<Selector query=""//a[@class='IQzj8 eziW_']/text()"" data='Editorial'>, <Selector query=""//a[@class='IQzj8 eziW_']/text()"" data='Health & Wellness'>, <Selector query=""//a[@class='IQzj8 eziW_']/text()"" data='Current Events'>]"
https://unsplash.com/photos/a-large-group-of-people-walking-down-a-street-HGv3vRkUMRI,A large group of people walking down a street photo – Free Csd münchen gmbh Image on Unsplash,"[<Selector query=""//a[@class='IQzj8 eziW_']/text()"" data='Current Events'>]"
https://unsplash.com/photos/a-building-that-has-a-bunch-of-debris-in-front-of-it-tZpyR45pcR0,A building that has a bunch of debris in front of it photo – Free Gaza strip Image on Unsplash,"[<Selector query=""//a[@class='IQzj8 eziW_']/text()"" data='Current Events'>]"
https://unsplash.com/photos/people-sitting-on-bleachers-Sy8y4STEE-w,People sitting on bleachers photo – Free Person Image on Unsplash,"[<Selector query=""//a[@class='IQzj8 eziW_']/text()"" data='Editorial'>, <Selector query=""//a[@class='IQzj8 eziW_']/text()"" data='Sports'>]"
https://unsplash.com/photos/person-surfing-in-a-wave-close-up-photography-Cee6-HjqSEM,Person surfing in a wave close-up photography photo – Free Sport Image on Unsplash,"[<Selector query=""//a[@class='IQzj8 eziW_']/text()"" data='Editorial'>, <Selector query=""//a[@class='IQzj8 eziW_']/text()"" data='Health & Wellness'>, <Selector query=""//a[@class='IQzj8 eziW_']/text()"" data='Wallpapers'>]"
https://unsplash.com/photos/man-riding-motocross-motorcycle-V9t5yn7R8Rs,Man riding motocross motorcycle photo – Free Sport Image on Unsplash,"[<Selector query=""//a[@class='IQzj8 eziW_']/text()"" data='Editorial'>, <Selector query=""//a[@class='IQzj8 eziW_']/text()"" data='Sports'>]"
https://unsplash.com/photos/man-flipping-kick-scooter-1l_y5PkQGPc,Man flipping kick scooter photo – Free Scooter Image on Unsplash,"[<Selector query=""//a[@class='IQzj8 eziW_']/text()"" data='Experimental'>, <Selector query=""//a[@class='IQzj8 eziW_']/text()"" data='Sports'>]"
https://unsplash.com/photos/selective-focus-photography-of-driver-inside-sports-car-with-rollcage-during-daytime-_rLPF7oZfik,Selective focus photography of driver inside sports car with rollcage during daytime photo – Free Helmet Image on Unsplash,"[<Selector query=""//a[@class='IQzj8 eziW_']/text()"" data='Editorial'>, <Selector query=""//a[@class='IQzj8 eziW_']/text()"" data='Sports'>]"
https://unsplash.com/photos/aerial-photo-of-football-field-during-daytime-Yzef5dRpwWg,Aerial photo of football field during daytime photo – Free Tempe Image on Unsplash,"[<Selector query=""//a[@class='IQzj8 eziW_']/text()"" data='Editorial'>, <Selector query=""//a[@class='IQzj8 eziW_']/text()"" data='Sports'>]"
https://unsplash.com/photos/man-riding-mountain-bike-RJco3garCFI,Man riding mountain bike photo – Free Sport Image on Unsplash,"[<Selector query=""//a[@class='IQzj8 eziW_']/text()"" data='Editorial'>, <Selector query=""//a[@class='IQzj8 eziW_']/text()"" data='Health & Wellness'>, <Selector query=""//a[@class='IQzj8 eziW_']/text()"" data='Sports'>]"
https://unsplash.com/photos/person-snowboarding-using-black-snowboard-PHX5oV8yV38,Person snowboarding using black snowboard photo – Free Soelden Image on Unsplash,"[<Selector query=""//a[@class='IQzj8 eziW_']/text()"" data='Editorial'>, <Selector query=""//a[@class='IQzj8 eziW_']/text()"" data='Sports'>]"
https://unsplash.com/photos/man-playing-skateboard-tricks-on-the-rock-during-daytime-LlwHorAMpFo,Man playing skateboard tricks on the rock during daytime photo – Free Jump Image on Unsplash,"[<Selector query=""//a[@class='IQzj8 eziW_']/text()"" data='Editorial'>, <Selector query=""//a[@class='IQzj8 eziW_']/text()"" data='Health & Wellness'>, <Selector query=""//a[@class='IQzj8 eziW_']/text()"" data='Sports'>]"
https://unsplash.com/photos/aerial-photography-of-people-playing-soccer-ndxwXAt0jpg,Aerial photography of people playing soccer photo – Free Green Image on Unsplash,"[<Selector query=""//a[@class='IQzj8 eziW_']/text()"" data='Editorial'>, <Selector query=""//a[@class='IQzj8 eziW_']/text()"" data='Wallpapers'>, <Selector query=""//a[@class='IQzj8 eziW_']/text()"" data='Sports'>]"
https://unsplash.com/photos/white-steel-soccer-goal-net-Kxjkme-WQMQ,White steel soccer goal net photo – Free Football Image on Unsplash,"[<Selector query=""//a[@class='IQzj8 eziW_']/text()"" data='Sports'>]"
https://unsplash.com/photos/person-holding-ski-pole-on-snow-covered-atmosphere-DwDKrD1mk3Y,Person holding ski pole on snow covered atmosphere photo – Free Monte rosa Image on Unsplash,"[<Selector query=""//a[@class='IQzj8 eziW_']/text()"" data='Sports'>]"
https://unsplash.com/photos/man-wall-climbing-on-red-wall-G2QYE9czCEw,Man wall climbing on red wall photo – Free Climb Image on Unsplash,"[<Selector query=""//a[@class='IQzj8 eziW_']/text()"" data='Health & Wellness'>, <Selector query=""//a[@class='IQzj8 eziW_']/text()"" data='Sports'>]"
https://unsplash.com/photos/a-baseball-bat-candy-bar-and-a-baseball-on-a-baseball-field-NY_HIqQvyHk,"A baseball bat, candy bar, and a baseball on a baseball field photo – Free Baseball Image on Unsplash","[<Selector query=""//a[@class='IQzj8 eziW_']/text()"" data='Sports'>]"
https://unsplash.com/photos/players-and-fans-on-baseball-stadium-aMuXhFkbxEw,Players and fans on baseball stadium photo – Free Sky Image on Unsplash,"[<Selector query=""//a[@class='IQzj8 eziW_']/text()"" data='Editorial'>, <Selector query=""//a[@class='IQzj8 eziW_']/text()"" data='Sports'>]"
https://unsplash.com/photos/an-aerial-view-of-a-snow-covered-ski-slope-k9-mmis-8MU,An aerial view of a snow covered ski slope photo – Free Alpes d'huez Image on Unsplash,"[<Selector query=""//a[@class='IQzj8 eziW_']/text()"" data='Editorial'>, <Selector query=""//a[@class='IQzj8 eziW_']/text()"" data='Cool Tones'>, <Selector query=""//a[@class='IQzj8 eziW_']/text()"" data='Sports'>]"
https://unsplash.com/photos/two-women-playing-tennis-on-a-hard-wood-floor--s29ynUI2Jw,Two women playing tennis on a hard wood floor photo – Squash Image on Unsplash,"[<Selector query=""//a[@class='IQzj8 eziW_']/text()"" data='Editorial'>, <Selector query=""//a[@class='IQzj8 eziW_']/text()"" data='Sports'>]"
https://unsplash.com/photos/a-football-sitting-on-top-of-a-lush-green-field-Gk8neNa7Sqg,A football sitting on top of a lush green field photo – Football Image on Unsplash,"[<Selector query=""//a[@class='IQzj8 eziW_']/text()"" data='Sports'>]"
https://unsplash.com/photos/man-wearing-red-motocross-helmet-during-daytime-GBNkhF_LH5c,Man wearing red motocross helmet during daytime photo – Free Applause Image on Unsplash,"[<Selector query=""//a[@class='IQzj8 eziW_']/text()"" data='Editorial'>, <Selector query=""//a[@class='IQzj8 eziW_']/text()"" data='Sports'>]"
https://unsplash.com/photos/orange-and-white-floral-textile-tOitjphtIXU,Orange and white floral textile photo – Free Pattern Image on Unsplash,"[<Selector query=""//a[@class='IQzj8 eziW_']/text()"" data='Editorial'>, <Selector query=""//a[@class='IQzj8 eziW_']/text()"" data='Textures & Patterns'>, <Selector query=""//a[@class='IQzj8 eziW_']/text()"" data='Health & Wellness'>]"
https://unsplash.com/photos/sliced-strawberries-on-black-surface-UBDAcDHE_n0,Sliced strawberries on black surface photo – Free France Image on Unsplash,"[<Selector query=""//a[@class='IQzj8 eziW_']/text()"" data='Health & Wellness'>]"
https://unsplash.com/photos/photo-of-mother-and-child-beside-body-of-water-ry_sD0P1ZL0,Photo of mother and child beside body of water photo – Free Family Image on Unsplash,"[<Selector query=""//a[@class='IQzj8 eziW_']/text()"" data='Editorial'>, <Selector query=""//a[@class='IQzj8 eziW_']/text()"" data='Health & Wellness'>, <Selector query=""//a[@class='IQzj8 eziW_']/text()"" data='People'>]"
https://unsplash.com/photos/a-woman-doing-a-handstand-on-a-blue-surface-QDkge6hnElc,A woman doing a handstand on a blue surface photo – Yoga Image on Unsplash,"[<Selector query=""//a[@class='IQzj8 eziW_']/text()"" data='Health & Wellness'>]"
https://unsplash.com/photos/a-woman-with-a-towel-on-her-head-and-a-towel-on-her-head-W_QwEL4WiYk,A woman with a towel on her head and a towel on her head photo – Wellbeing Image on Unsplash,"[<Selector query=""//a[@class='IQzj8 eziW_']/text()"" data='Health & Wellness'>]"
https://unsplash.com/photos/a-tablet-with-the-words-mental-health-matters-on-it-Ko3EMBFggok,A tablet with the words mental health matters on it photo – Free Digital art Image on Unsplash,"[<Selector query=""//a[@class='IQzj8 eziW_']/text()"" data='Health & Wellness'>, <Selector query=""//a[@class='IQzj8 eziW_']/text()"" data='Key Words - Mental Health'>]"
https://unsplash.com/photos/caucasian-woman-practicing-yoga-at-home-sitting-on-carpet-with-closed-eyes-breathing-fresh-air-no-stress-free-lotus-position-meditation-practice-Kkn8gnO7BFU,Caucasian woman practicing yoga at home sitting on carpet with closed eyes breathing fresh air. No stress free. Lotus position. Meditation practice. photo – Yoga Image on Unsplash,"[<Selector query=""//a[@class='IQzj8 eziW_']/text()"" data='Health & Wellness'>]"
https://unsplash.com/photos/a-woman-laying-on-a-pillow-on-the-floor-chRD7jvFm9M,A woman laying on a pillow on the floor photo – Motivation Image on Unsplash,"[<Selector query=""//a[@class='IQzj8 eziW_']/text()"" data='Health & Wellness'>]"
https://unsplash.com/photos/clear-drinking-glass-beside-flower-vase-d8woejhlLlA,Clear drinking glass beside flower vase photo – Free Drink Image on Unsplash,"[<Selector query=""//a[@class='IQzj8 eziW_']/text()"" data='Health & Wellness'>, <Selector query=""//a[@class='IQzj8 eziW_']/text()"" data='Food & Drink'>]"
https://unsplash.com/photos/a-woman-sitting-on-a-couch-talking-to-another-woman-uk0ef0ekOuY,A woman sitting on a couch talking to another woman photo – Therapy room Image on Unsplash,"[<Selector query=""//a[@class='IQzj8 eziW_']/text()"" data='Health & Wellness'>, <Selector query=""//a[@class='IQzj8 eziW_']/text()"" data='Business & Work'>]"
https://unsplash.com/photos/yellow-apple-fruit-on-white-round-plate-Pu0sndkokuA,Yellow apple fruit on white round plate photo – Free Food Image on Unsplash,"[<Selector query=""//a[@class='IQzj8 eziW_']/text()"" data='Editorial'>, <Selector query=""//a[@class='IQzj8 eziW_']/text()"" data='Health & Wellness'>, <Selector query=""//a[@class='IQzj8 eziW_']/text()"" data='Food & Drink'>]"
https://unsplash.com/photos/brown-round-fruits-in-gray-textile-on-green-grass-during-daytime-aqiBeR-hqeU,Brown round fruits in gray textile on green grass during daytime photo – Free Wellness Image on Unsplash,"[<Selector query=""//a[@class='IQzj8 eziW_']/text()"" data='Editorial'>, <Selector query=""//a[@class='IQzj8 eziW_']/text()"" data='Health & Wellness'>, <Selector query=""//a[@class='IQzj8 eziW_']/text()"" data='Food & Drink'>]"
https://unsplash.com/photos/a-person-holding-a-spoon-over-a-jar-of-food-4bnJ2zejRW8,A person holding a spoon over a jar of food photo – Meal prepping Image on Unsplash,"[<Selector query=""//a[@class='IQzj8 eziW_']/text()"" data='Editorial'>, <Selector query=""//a[@class='IQzj8 eziW_']/text()"" data='Health & Wellness'>]"
https://unsplash.com/photos/a-woman-walking-along-a-beach-next-to-the-ocean-foG-Z4pubQk,A woman walking along a beach next to the ocean photo – Free Wellness Image on Unsplash,"[<Selector query=""//a[@class='IQzj8 eziW_']/text()"" data='Editorial'>, <Selector query=""//a[@class='IQzj8 eziW_']/text()"" data='Health & Wellness'>]"
https://unsplash.com/photos/a-woman-walking-along-a-beach-next-to-the-ocean-yh0_6ra6Cj0,A woman walking along a beach next to the ocean photo – Bali Image on Unsplash,"[<Selector query=""//a[@class='IQzj8 eziW_']/text()"" data='Health & Wellness'>]"
https://unsplash.com/photos/a-dropper-bottle-with-a-dropper-on-top-of-it-io6vt4rAFo0,A dropper bottle with a dropper on top of it photo – Free Wellness Image on Unsplash,"[<Selector query=""//a[@class='IQzj8 eziW_']/text()"" data='Health & Wellness'>]"
https://unsplash.com/photos/a-bed-with-a-book-on-top-of-it-next-to-a-window-iavjOVdIXsQ,A bed with a book on top of it next to a window photo – Free Wellness Image on Unsplash,"[<Selector query=""//a[@class='IQzj8 eziW_']/text()"" data='Health & Wellness'>]"
https://unsplash.com/photos/black-tumbler-on-shore-POAQXzBwF7g,Black tumbler on shore photo – Free Ca Image on Unsplash,"[<Selector query=""//a[@class='IQzj8 eziW_']/text()"" data='Health & Wellness'>]"
https://unsplash.com/photos/a-table-topped-with-plates-of-food-and-bowls-of-salsa-1re6AA6cKf0,A table topped with plates of food and bowls of salsa photo – Salsa Image on Unsplash,"[<Selector query=""//a[@class='IQzj8 eziW_']/text()"" data='Food & Drink'>]"
https://unsplash.com/photos/silver-pot-on-top-of-induction-oven-Xq0lte4P7rQ,Silver pot on top of induction oven photo – Free Kitchen Image on Unsplash,"[<Selector query=""//a[@class='IQzj8 eziW_']/text()"" data='Editorial'>, <Selector query=""//a[@class='IQzj8 eziW_']/text()"" data='Food & Drink'>, <Selector query=""//a[@class='IQzj8 eziW_']/text()"" data='Interiors'>]"
https://unsplash.com/photos/person-holding-white-and-red-plastic-container-wRLxjuauVFk,Person holding white and red plastic container photo – Free Tonic Image on Unsplash,"[<Selector query=""//a[@class='IQzj8 eziW_']/text()"" data='Food & Drink'>]"
https://unsplash.com/photos/brown-round-fruit-on-stainless-steel-tray-JBXCQ8_7VC4,Brown round fruit on stainless steel tray photo – Free Kitchen counter Image on Unsplash,"[<Selector query=""//a[@class='IQzj8 eziW_']/text()"" data='Food & Drink'>]"
https://unsplash.com/photos/person-holding-cup-Gf4WV2qyW2U,Person holding cup photo – Free Coffee Image on Unsplash,"[<Selector query=""//a[@class='IQzj8 eziW_']/text()"" data='Editorial'>, <Selector query=""//a[@class='IQzj8 eziW_']/text()"" data='Food & Drink'>]"
https://unsplash.com/photos/cookies-on-white-footed-saucer-MN0Ja79Wav0,Cookies on white footed saucer photo – Free Presentation Image on Unsplash,"[<Selector query=""//a[@class='IQzj8 eziW_']/text()"" data='Food & Drink'>]"
https://unsplash.com/photos/yellow-lemon-fruit-in-brown-wooden-bucket-RPC4uZ801f8,Yellow lemon fruit in brown wooden bucket photo – Free Food Image on Unsplash,"[<Selector query=""//a[@class='IQzj8 eziW_']/text()"" data='Editorial'>, <Selector query=""//a[@class='IQzj8 eziW_']/text()"" data='Health & Wellness'>, <Selector query=""//a[@class='IQzj8 eziW_']/text()"" data='Food & Drink'>]"
https://unsplash.com/photos/a-hand-holding-a-plate-with-a-cake-with-candles-on-it-fdDELVFMfO8,A hand holding a plate with a cake with candles on it photo – Strawberry cake Image on Unsplash,"[<Selector query=""//a[@class='IQzj8 eziW_']/text()"" data='Food & Drink'>]"
https://unsplash.com/photos/a-glass-of-water-surrounded-by-pieces-of-fruit-AI1iOBUczF4,A glass of water surrounded by pieces of fruit photo – Food Image on Unsplash,"[<Selector query=""//a[@class='IQzj8 eziW_']/text()"" data='Editorial'>, <Selector query=""//a[@class='IQzj8 eziW_']/text()"" data='Health & Wellness'>, <Selector query=""//a[@class='IQzj8 eziW_']/text()"" data='Food & Drink'>]"
https://unsplash.com/photos/a-pink-table-with-a-glass-of-water-and-limes-79LxFI-ncZw,A pink table with a glass of water and limes photo – Drop water Image on Unsplash,"[<Selector query=""//a[@class='IQzj8 eziW_']/text()"" data='Food & Drink'>]"
https://unsplash.com/photos/a-table-topped-with-glasses-filled-with-different-types-of-drinks-oCgD7QVzt5g,A table topped with glasses filled with different types of drinks photo – Food Image on Unsplash,"[<Selector query=""//a[@class='IQzj8 eziW_']/text()"" data='Food & Drink'>]"
https://unsplash.com/photos/a-person-is-squeezing-a-lemon-into-a-bowl-of-mussels-RTZnhf_j8jw,A person is squeezing a lemon into a bowl of mussels photo – Mussels dish Image on Unsplash,"[<Selector query=""//a[@class='IQzj8 eziW_']/text()"" data='Editorial'>, <Selector query=""//a[@class='IQzj8 eziW_']/text()"" data='Food & Drink'>]"
https://unsplash.com/photos/a-pink-table-topped-with-candy-bars-and-almonds-wQqdsdtfmdQ,A pink table topped with candy bars and almonds photo – Free Food presentation Image on Unsplash,"[<Selector query=""//a[@class='IQzj8 eziW_']/text()"" data='Food & Drink'>]"
https://unsplash.com/photos/a-plastic-cup-sitting-on-top-of-a-cement-wall-STIkI4JNhHQ,A plastic cup sitting on top of a cement wall photo – Free Cosmetics Image on Unsplash,"[<Selector query=""//a[@class='IQzj8 eziW_']/text()"" data='Food & Drink'>]"
https://unsplash.com/photos/a-close-up-of-cookies-with-writing-on-them-kCyJIL402Ug,A close up of cookies with writing on them photo – Free Brown Image on Unsplash,"[<Selector query=""//a[@class='IQzj8 eziW_']/text()"" data='Food & Drink'>]"
https://unsplash.com/photos/a-jar-of-marcona-sitting-on-a-tiled-floor-Gc8AuDcKs5Y,A jar of marcona sitting on a tiled floor photo – Free Almond butter Image on Unsplash,"[<Selector query=""//a[@class='IQzj8 eziW_']/text()"" data='Food & Drink'>]"
https://unsplash.com/photos/chocolate-drizzled-over-a-pile-of-cookies-CDEKIEVotAg,Chocolate drizzled over a pile of cookies photo – Free Product photography Image on Unsplash,"[<Selector query=""//a[@class='IQzj8 eziW_']/text()"" data='Food & Drink'>]"
https://unsplash.com/photos/a-woman-is-holding-a-spoon-over-a-jar-of-honey-53YNDPqwzoc,A woman is holding a spoon over a jar of honey photo – Free Tea Image on Unsplash,"[<Selector query=""//a[@class='IQzj8 eziW_']/text()"" data='Editorial'>, <Selector query=""//a[@class='IQzj8 eziW_']/text()"" data='Food & Drink'>]"
https://unsplash.com/photos/a-vase-of-flowers-sitting-on-a-table-ZlZ1tQ6HXng,A vase of flowers sitting on a table photo – Desk Image on Unsplash,"[<Selector query=""//a[@class='IQzj8 eziW_']/text()"" data='Business & Work'>]"
https://unsplash.com/photos/silver-macbook-on-white-table-4pYY-OZgiX8,Silver macbook on white table photo – Free White Image on Unsplash,"[<Selector query=""//a[@class='IQzj8 eziW_']/text()"" data='Business & Work'>, <Selector query=""//a[@class='IQzj8 eziW_']/text()"" data='Architecture & Interiors'>, <Selector query=""//a[@class='IQzj8 eziW_']/text()"" data='Interiors'>]"
https://unsplash.com/photos/high-angle-photo-of-four-pencils-and-greeting-card-RE-8WswW95o,High angle photo of four pencils and greeting card photo – Free Grey Image on Unsplash,"[<Selector query=""//a[@class='IQzj8 eziW_']/text()"" data='Editorial'>, <Selector query=""//a[@class='IQzj8 eziW_']/text()"" data='Business & Work'>]"
https://unsplash.com/photos/workplace-in-the-corner-computer-keyboard-mouse-smartphone-lamp-note-pad-pen-pencil-glass-coffee-on-the-table-chair-in-front-window-to-the-right-city-view-concept-of-work-6-_2W4bOjbE,"Workplace in the corner, computer, keyboard, mouse, smartphone, lamp, note pad, pen, pencil glass, coffee on the table, chair in front, window to the right, city view, concept of work photo – Desk Image on Unsplash","[<Selector query=""//a[@class='IQzj8 eziW_']/text()"" data='Business & Work'>]"
https://unsplash.com/photos/a-very-tall-building-with-a-sky-in-the-background-pZJ5aW9dyhw,A very tall building with a sky in the background photo – Free Building Image on Unsplash,"[<Selector query=""//a[@class='IQzj8 eziW_']/text()"" data='Editorial'>, <Selector query=""//a[@class='IQzj8 eziW_']/text()"" data='Business & Work'>, <Selector query=""//a[@class='IQzj8 eziW_']/text()"" data='Architecture & Interiors'>]"
https://unsplash.com/photos/a-person-getting-the-hair-done-LmOrJbXHbQg,A person getting the hair done photo – Hairdresser Image on Unsplash,"[<Selector query=""//a[@class='IQzj8 eziW_']/text()"" data='Business & Work'>]"
https://unsplash.com/photos/high-angle-above-top-view-cropped-collar-profession-occupation-lady-in-her-formalwear-shirt-she-sit-desk-in-light-loft-interior-inspect-read-prepare-analyzing-expertise-technical-property-draw-ItieuN1ec0k,High angle above top view cropped collar profession occupation lady in her formalwear shirt she sit desk in light loft interior inspect read prepare analyzing expertise technical property draw photo – Engineering Image on Unsplash,"[<Selector query=""//a[@class='IQzj8 eziW_']/text()"" data='Business & Work'>]"
https://unsplash.com/photos/a-woman-in-a-hard-hat-looking-at-a-blueprint-t5BuDTyA9zg,A woman in a hard hat looking at a blueprint photo – Factory workers Image on Unsplash,"[<Selector query=""//a[@class='IQzj8 eziW_']/text()"" data='Business & Work'>]"
https://unsplash.com/photos/two-women-standing-at-a-table-looking-at-a-cell-phone-JF9PNR5pfLA,Two women standing at a table looking at a cell phone photo – Architect Image on Unsplash,"[<Selector query=""//a[@class='IQzj8 eziW_']/text()"" data='Business & Work'>]"
https://unsplash.com/photos/a-room-with-a-window-and-a-sign-that-says-direct-room-Je1Me0DYngI,A room with a window and a sign that says direct room photo – Free Modern Image on Unsplash,"[<Selector query=""//a[@class='IQzj8 eziW_']/text()"" data='Business & Work'>]"
https://unsplash.com/photos/client-during-beard-and-hair-grooming-in-barber-shop-mbaI15PU3pE,Client during beard and hair grooming in barber shop photo – Coiffeur Image on Unsplash,"[<Selector query=""//a[@class='IQzj8 eziW_']/text()"" data='Business & Work'>]"
https://unsplash.com/photos/person-holding-black-dslr-camera-43ScE4gMZGA,Person holding black dslr camera photo – Free Hands Image on Unsplash,"[<Selector query=""//a[@class='IQzj8 eziW_']/text()"" data='Editorial'>, <Selector query=""//a[@class='IQzj8 eziW_']/text()"" data='Business & Work'>]"
https://unsplash.com/photos/black-flat-screen-computer-monitor-on-brown-wooden-desk-PUY7JEnobzg,Black flat screen computer monitor on brown wooden desk photo – Free Video camera Image on Unsplash,"[<Selector query=""//a[@class='IQzj8 eziW_']/text()"" data='Editorial'>, <Selector query=""//a[@class='IQzj8 eziW_']/text()"" data='Business & Work'>]"
https://unsplash.com/photos/young-arab-man-making-video-call-using-laptop-at-office-having-web-conference-with-clients-handsome-eastern-guy-talking-at-pc-camera-enjoying-online-communication-and-remote-work-profile-side-view-cfXJvZH0K38,"Young Arab Man Making Video Call Using Laptop At Office, Having Web Conference With Clients. Handsome Eastern Guy Talking At Pc Camera, Enjoying Online Communication And Remote Work, Profile Side View photo – Table Image on Unsplash","[<Selector query=""//a[@class='IQzj8 eziW_']/text()"" data='Business & Work'>]"
https://unsplash.com/photos/2-person-walking-on-desert-during-daytime-qlp9-k6X35Y,2 person walking on desert during daytime photo – Free Desert Image on Unsplash,"[<Selector query=""//a[@class='IQzj8 eziW_']/text()"" data='Editorial'>, <Selector query=""//a[@class='IQzj8 eziW_']/text()"" data='Business & Work'>]"
https://unsplash.com/photos/young-mixed-race-engineer-sitting-at-desk-with-lamp-and-computer-and-discussing-blueprint-with-boss-in-contemporary-office-IKLDKuLVIUw,Young mixed race engineer sitting at desk with lamp and computer and discussing blueprint with boss in contemporary office photo – Document Image on Unsplash,"[<Selector query=""//a[@class='IQzj8 eziW_']/text()"" data='Business & Work'>]"
https://unsplash.com/photos/ulSNSzRpQEE,HD photo by BRUNO CERVERA,"[<Selector query=""//a[@class='IQzj8 eziW_']/text()"" data='Business & Work'>]"
https://unsplash.com/photos/macbook-air-on-brown-wooden-table-Ej_M7lrnDTI,Macbook air on brown wooden table photo – Free Furniture Image on Unsplash,"[<Selector query=""//a[@class='IQzj8 eziW_']/text()"" data='Business & Work'>]"
https://unsplash.com/photos/a-bunch-of-tall-grass-blowing-in-the-wind-xys35BDK8qE,A bunch of tall grass blowing in the wind photo – Free Pastel Image on Unsplash,"[<Selector query=""//a[@class='IQzj8 eziW_']/text()"" data='Editorial'>, <Selector query=""//a[@class='IQzj8 eziW_']/text()"" data='Spirituality'>]"
https://unsplash.com/photos/a-lone-tree-sitting-on-top-of-a-snow-covered-hill-DmFb0KOJkwM,A lone tree sitting on top of a snow covered hill photo – Free Minimalism Image on Unsplash,"[<Selector query=""//a[@class='IQzj8 eziW_']/text()"" data='Editorial'>, <Selector query=""//a[@class='IQzj8 eziW_']/text()"" data='Nature'>, <Selector query=""//a[@class='IQzj8 eziW_']/text()"" data='Wallpapers'>]"
https://unsplash.com/photos/a-close-up-of-a-building-with-a-very-intricate-design-fe5deuXygyw,A close up of a building with a very intricate design photo – Free Tehran Image on Unsplash,"[<Selector query=""//a[@class='IQzj8 eziW_']/text()"" data='Editorial'>, <Selector query=""//a[@class='IQzj8 eziW_']/text()"" data='Spirituality'>]"
https://unsplash.com/photos/a-body-of-water-surrounded-by-land-and-mountains-xA6LOnXXXkU,A body of water surrounded by land and mountains photo – Free Indonesien Image on Unsplash,"[<Selector query=""//a[@class='IQzj8 eziW_']/text()"" data='Editorial'>, <Selector query=""//a[@class='IQzj8 eziW_']/text()"" data='Spirituality'>]"
https://unsplash.com/photos/leafless-tree-under-purple-sky-tnhta3qKQtw,Leafless tree under purple sky photo – Free Nature Image on Unsplash,"[<Selector query=""//a[@class='IQzj8 eziW_']/text()"" data='Spirituality'>]"
https://unsplash.com/photos/closeup-photo-of-white-leaves-Sw7f58YJbc0,Closeup photo of white leaves photo – Free Grey Image on Unsplash,"[<Selector query=""//a[@class='IQzj8 eziW_']/text()"" data='Editorial'>, <Selector query=""//a[@class='IQzj8 eziW_']/text()"" data='Nature'>, <Selector query=""//a[@class='IQzj8 eziW_']/text()"" data='Spirituality'>]"
https://unsplash.com/photos/a-woman-holding-a-bible-and-a-rosary-J8C3dHM7LYY,A woman holding a bible and a rosary photo – Spiritual Image on Unsplash,"[<Selector query=""//a[@class='IQzj8 eziW_']/text()"" data='Spirituality'>]"
https://unsplash.com/photos/brown-wooden-dock-beside-ocean-wave-J2j7RUh_yCA,Brown wooden dock beside ocean wave photo – Free Ocean Image on Unsplash,"[<Selector query=""//a[@class='IQzj8 eziW_']/text()"" data='Spirituality'>]"
https://unsplash.com/photos/woman-in-gray-dress-holding-a-stainless-steel-bowl-dxWl9AqdB9I,Woman in gray dress holding a stainless steel bowl photo – Free Wellness Image on Unsplash,"[<Selector query=""//a[@class='IQzj8 eziW_']/text()"" data='Editorial'>, <Selector query=""//a[@class='IQzj8 eziW_']/text()"" data='Health & Wellness'>, <Selector query=""//a[@class='IQzj8 eziW_']/text()"" data='Spirituality'>]"
